question_id,question_enc,answer_enc,streamlit_link,langsmith_link
Q01,gAAAAABqQOL1DDSrX-wai_7AHvtstomzeAMUDlAwGbWtRrLs3m6K-jzSMxMutfxJVMZLIoyF1rAApIFVDPGA2Kn0bge9FmqfgXgSLvXU0pd__zlEOTANWoXWJhhTgU2G81OYO3MRhoDrUHJ_6ZFPcCM5qgZAznRWRHXqi4OOyfbWXOIbIZeRhB1EwUjY2btkrN1EN7saSXqLu3TTJwqfTnozrpn_ogFc1GfhPenbSyHXA-3I-QxzIn_gVw9Rpgv68gKI3-aF_2sdZyiSgmMaxNJDGHJzRDi3IA==,gAAAAABqQOL1dZ9_cAlSDvFlm5gK-jxmkPAvpNCXLs0Gmp50OoHdmBINiKbwYuOQg6DjJmpCyYZXqfD28YPeVT8h-PZ4_EmlQWAhHITSOVXGwf6Inc6tLvizAwxPvoCgGe9FgfdPY42-flb1QTMz64bwqhtZzv8LOFCMDR_a_6aiLQ4SMuFZq4GboNfh7BvwDIwrFeL06xf0o8OnVAKraBBtsTUhFc32tkk9PNQ15GkCl98hGrq5fSCCI9H89T6_lSZcqNCXWs4pg2H8NaLSRS0LrvccLL1it3lufVmf09cInwNcsQ9-SylQqKKYrsWqoPoG1WVQCYkv8h2qVhwaTxP9IEJP47dR0JRo5gW1QPPr7hmqMAb3vtl-229ck13vowT3z3ZNn2PQ8BzBUormcwFOSC1M7cAy0wr0pHKg911d-EYmEd0qAlKzMAvCL2C8UsgYjmMqa7b-oWhcfuhseOcNOtpq74US4A==,https://zyro-hr-appdesk-4wmdse8pom22pxvodvzb4w.streamlit.app/,https://smith.langchain.com/public/9e3d2fda-0fec-4640-b410-4eff8b846522/r
Q02,gAAAAABqQOL1NoHIkzxjA0xRsohpnGunEP2F5v_rLsRar_tOsyHs9xuW_AaPxYvtOuBHNQ9qb6uWWsPqeWdqySPAp562Od7dTCkfbNp6onNmh5qQAq0mDNyIagpANdrRcV04xsEDZ5ejVor81Ls5iqjWk252kuSIPHRIEqcs-EYJZeijLcmXY5C67b6qsEhkl4psGL8ZfuaWjvQY_rQGLR5va_HttoRTdeLiPRy1S66RhhXhsQeJrgDI5EgVVx1kaMNmDocwfzHw0NZdP_0fKo0hDEs54ngk0w==,gAAAAABqQOL1jo4cr-ucbnEL7-HAipxecawO06a2VzMyDOMz-9c1_jXUO7FdPDfsfb29wb63J-zhzGVu3M3RZKnaIUcERHQUG_yXY0I5UbwTEiCcyDb81treypEl2tNMCUaBqDOnYGUSmSdpN7hfo5SvrITy4u4BJJab4YPXUcuu4cOUt1Wu9nLhBzHyg7eBXveo1LYCKWVyIGVIGrEjKTk6obG6cqWjH6m2rlbQePl57O9optoFwRtUrFl1hnTwtBgf3mXEdOy76sMk0ExbcqetcGJ4yL_6xeO5CeSwbbjSL55LihWz3tOqj9FoUb5i2z0SIUarZOJsaW1xsUGNpkHfTsR4Xb6e1lKKPwxjLbQpXk-ev2qn0UEk7t4BSDlHkMd4oFCYIcTyHPpYDLIBIU-nkY-jCMbto3P4F8nDMW90bhKo52mMYQVJMLHSr0VfjJbhTatvfzgraheVscqawYmds6qKJdzB4Lmadz0OJUP_czAlA26TO6mwkT2MIt2wE6iARmw0aRO4oUIhMC7ae7VzONbfmdT-MQJikkEorcKWfx5DfUM33su9amgjKf-_npyFHhp0mRy1DSbfEWfL-aIgaakmEnTlDPi1P_lPdhBNAYo3vsB08KR7Dc2jvT1Eecj7fhrieHI9,https://zyro-hr-appdesk-4wmdse8pom22pxvodvzb4w.streamlit.app/,https://smith.langchain.com/public/9e3d2fda-0fec-4640-b410-4eff8b846522/r
Q03,gAAAAABqQOL1dTjX7cbVfKYz9Dy5KK_IK-fhHxi0vVIFNChKOUKe2qJ51mIgphDCKzGMUdgbiQZxSZ7v8clpoDEpCf2n1hk2dstxKIJUS72CE_R6O5kg_8HojJ2Wk_TaXmo0jt1AcNpzaTO-xOKiB6N8bG_bC45ebwfAaeriodJMUaBGjTMe6IqdRUC99ewqBFnNlWzn8GxR3-Jjmu7I6VZitvifY66dneuIMoeWGqFB_dgiXCEFPCg=,gAAAAABqQOL1yZSFnZHIphROsu5katnfnTMvSyEXsbi5-sHsstsEElVVoOf3e3q3pLH53hz-y6YApMQEiSX_XvJdUonL0cqNMkR5C6iVwgM_OJeGsM-gNN-LqJCl0l70cyNbrmuzhGibgKxX-wwfnAcIKsBClDDgbAVc-Z98izT_oZFtOYTpMSjEuSrCRGmn2oA5ZhfvvBNzJ7mQHHeDkXEV8-38gA30AJkGb3WUFptejKvFk4QaSL04vfQaaJz9gcAzfER0PVJn0yGaq1C4S3dsyUj-K6OJdUlKp1sgvGXlSxBQFiNxyU7jxWPSS2FN2MNQKGctwoPpk5hSLnqky3e9fthwPY4tlumpscE4DkLSMFTwQpgqyjbSx23s3NZOXLMYnT_ToG6CjBEMl9BvxrS9M6P71N-HEC1OqUM4e7HJUEs6lHpgH7yN3ovpZ1108IRnCbmDAOz0MnhN92CPlVUQ4u5AKTkZnp_0k4MKtMJlVnDn8bXr6cwSU9esSd52IbzAUxNnOYHkPURhp4nJULP6aZWlyqBREuwxoiM_3GZCJ-HYYK_MwUC59sYpzVJ5MpNGNN6Q332yxFIDm3RfUu65lYWj10zI8hp8COk5QccJ-JZeL8HdISaW-m-sfT430SEeDGxwGqOa,https://zyro-hr-appdesk-4wmdse8pom22pxvodvzb4w.streamlit.app/,https://smith.langchain.com/public/9e3d2fda-0fec-4640-b410-4eff8b846522/r
Q04,gAAAAABqQOL1BJifwRg52tqM6Imcb9oSbReIROemkf52G6B_JmnU1wYm3jwDpobVmgRyEgvVNLrBG2Ex2bTmkyDFtk23BWFrTnkatRo1J7QpS6i5AX2RrBR6EF_5f5YkTY-dRFj7KIH7ibMwtxOmh-qcBNcEL4_lqmFChoPaRXk-iQP__LKyma9JeBoeH-ylDtoRtQ_lJpVjeGl5kPLYeLBLyg3mb-LQ1X-a_lEibEzo53kRsEIebkM=,gAAAAABqQOL1s2O7pPFSNWJ8gS_IDyDRKq6PQtittiMgytwo-XguaookxDVmx8KBPE4hizHDOJm8Kiy15UiitHkppcvzah7W5qSqVossouW6idID5xKUIeqhdGCXyitxUz5GbrMndwdoXGPsZdCJsVs-RsGCv7BKSvpD9RrP0y5yhhKP-aW4LrM4n_NHrdAgSs6Y0SaAswt19nRQUzlBTb5POSxiKzm5acKdrWg-hBiXcSPlvjlDct_yan3dSP-541wMUbcnqcW35r6rpl3G5zQDWea_IfKXAcY8SDf3s27PrH6xdE3XJOIjvp6Nbtw76crt4TsjnqT9lvQV2j_ShbBHyP6uKVZ94Q==,https://zyro-hr-appdesk-4wmdse8pom22pxvodvzb4w.streamlit.app/,https://smith.langchain.com/public/9e3d2fda-0fec-4640-b410-4eff8b846522/r
Q05,gAAAAABqQOL1_TGIkOqD36IxzWaIPNrFie-aNEVtDWrAJBalT01BOOqCVsLbE21ymGPmbGjEMnj_pfrdKDy3DcMEjlITZTFCywz027ejGMQHYBFOb63YmpYrHV7mIp7GlYaaT7rUorfWPQhAfIii2Bo56OvhJy1v2zKWw-44XwaJE0tRS1lgG2Qo8C_4pPNrJO1JJ0lg7Lkxm1bRMNQvnvVsnvTRfm6itQ==,gAAAAABqQOL1Ti4NeR1wABWscx0-pG9Gmghw7STERTLYcgCBMIv0kwWbHMHyB6iKKsSluB0G1dDoeHvPGZlOVd4c_bfQ32fme6Y4Tc9uFm5v8y8sWyjtD72rVSdrMtY-Q-Y-8dWv9OrPRDKODp5L241wKUgxKE_bQWRdcPi__s4mBMzOgl-Ta7OV2GJ0AsJWBc_o_6O3UlG-jiOOlH4Pe2GepERTOxGqWx2UAXjsQlL8tRo1Qgv8Qez8nBMevU4K1b0aYpbvyL8Ogzux7KX9BKRnColoGELh4w==,https://zyro-hr-appdesk-4wmdse8pom22pxvodvzb4w.streamlit.app/,https://smith.langchain.com/public/9e3d2fda-0fec-4640-b410-4eff8b846522/r
Q06,gAAAAABqQOL1OiJiitMNkhFyHYNoTKsYk9UpUGLa1EBcJYUUVKLnjLVVYaxL1zswSnXO92uIeqvFf4HFHFqijqvMzzXDfhBVEoVYNW9Rt95EO-cq75TFHRrXTDDw5G14hIZ0wr7cJW1fWXxiKra4s_39W4mOM4DmlJtJ05m2HmjuD97YJnLFbU7Ycn7dNjol1kiMZcC4to5h,gAAAAABqQOL1mQKP0MRssTFxMsPI80Bzf5xBK3z5cBLTyiGRmWqCHeDEAwBL6rX5eVdx5H84Z80huHlEdqhQAzOwBQX9Bkj4PHKg-cRDENkmrEOFN6ad7r5BwEMLWy0N-qI9arQa4ssbxPyWYXd4m2yGfRedRlfCO9HqwgPJnp9nX0QXjkubeifb-DWgFdQiv8bAIlgM2CHcbkBharVXigzPeIH1GlbYrK9thjKw7ZJ4tL7-rbnNz28VWdSeQZv_Aa6mAEKsixZpLBKIAHu6dvedqkbERU-mUw==,https://zyro-hr-appdesk-4wmdse8pom22pxvodvzb4w.streamlit.app/,https://smith.langchain.com/public/9e3d2fda-0fec-4640-b410-4eff8b846522/r
Q07,gAAAAABqQOL1uTI1QLBTRSRyqmFBCCxQVMJJziig7AhaKh5ecRv9wCkn5YKX1nUYIEBVuuVvdcRHH22YLZKnY12-oMqDUZ4uIctEKJ5j3c57NjHovD9ZH8DDgZlRL_5xquJrNvzCyp8PH4RavUZw4v1Er7rBe5fqDB6Vb_EEZSfM6c3dmnriyO66xKlMKeq_uASgLyCZM5RLC_nUWNayRckMZBGlnNfuPPes4-zh2tvckWW-HAIB6q4jg65rHN122yGx0bz37NT_,gAAAAABqQOL11dZXbEE8kJsjsjiOLR8ZOumYM0xwb5yfbaVCM2MNYRTCG_CzA2VuLH9U585B3H6gOkQdG1RBbOSpxQT2-0Z7psKegoo2Mu7_VYMd9RW_JGWhR0DexAwHn6QpJtUaxSgJnEaGA7-DSesGejfmBtIBcmo3hwXp_TZ-O-SJq88bkAygItVwUkmep5zYh5qeJOF5Fh3vhYRFTLKOOvgz5y_TUZrMDSczkio4Vy1lRQrXvSCZDFIaNatBXPAlsO1IdyDoGODDPaqTYLIJBmffD_g26v7yfwWrmojrfLinDhFf8CTDiTaseoDIJLhW86VHoOjf3VJqWnvkW3hJaMp883jekv0XPVxq38scXRc4EobpxLcNqDe-T7jBNjFqEYT4tifliOxaJsDiWfXK45B8vNHXP1ZPpVzVu046oJZcuF1x190zD3N7wajH16iwcFMaVJrsthE0QOOkpyOxQ1xmktnw_fzHWwzNT_79vsmpembC71qo9SJ7OI7jEAneFu4umvWVjsCbecQjqTHNrYl7Ajr7rA==,https://zyro-hr-appdesk-4wmdse8pom22pxvodvzb4w.streamlit.app/,https://smith.langchain.com/public/9e3d2fda-0fec-4640-b410-4eff8b846522/r
Q08,gAAAAABqQOL1wKjEESmTEKsVNwxxDasIBqBhOrgtmnLT_Wexa0LolOWUtA-gGmdIEt7nZZJ1Vanh8EHpIeADoyXGMW9APRiKIqegjAMrBWA9TS-WEbfDQwfR25YsWwwsjrLByZCMnSTggTWxvheYLlNlbBKp5fA7ihRZbwIoAL-OcQ5b5ea54s5Bh3EuXmXUYhwMHetRZ4DTcDSNudBISjzxCqIBexBxYqzaoec3aLDMAcAXXGblN4s=,gAAAAABqQOL1b5G8w6KAjv98QKHnJY1Y-t1WA7fZm1ktPvp2kYk-OD8TwgLDmuPXjc0CEp23D2Z74CwYJ0pvtLFYsVuI3583S_7JUHMH5u2w4g3FIfN5OZsMgsJ_ydcgNF-OADlQ1_U6d0N0cR5a9mGnFZBwUFi_RHdW7cerQef4HxmkCi59OPh3EfDG_vHDBafESv9dKFxkiqhFJrq0p604VCtDZGVhP86GzyAoJmJzJNeffeEzIkyxpUFA6ccOzmpf8IvR7vvKQg2WtF9_5_AdXHadWIssSwbGRBN888g-6g_wbVTI7mMG-t-tedu0nv0NRK4y-k2-4REITlKDEuAoY2g8kgNxmrEe8mXK_UwJBSVTAnLHD3895PjPhGGTcpoUnVb5Eh6JGTPtOpMm5ZBzq_LsrI_f1Wh5PntPIOVSoREjwMrvFuKTayKbiOXKt5DpMBlnWemlgmpinEeOKAqMUTAINIGfpCjuj0Gl_FnarORlA8XOOuzMhk_8jyor9-TqUIaJXzz1ewGrefoJ_gjY8j5r1J7OmpCvNG5N3hEFNqKllLhrKNJkFx7PKzstVxivJibeyypX_8UZN-bZbySMPutoh7ji7TC2rZHjdrkRylT4saARisdNS7w2YZoh2LrdYqmAwghA,https://zyro-hr-appdesk-4wmdse8pom22pxvodvzb4w.streamlit.app/,https://smith.langchain.com/public/9e3d2fda-0fec-4640-b410-4eff8b846522/r
Q09,gAAAAABqQOL15AA0FwrNB_q-wHIZtechaYcCbf8dCabI4rKDtOQeYKAGiDWsV8eST0WZHzRbbKJl6tRw6LFWUE4XtnRSo7owR0PsjJEkGn4dtrH81xkjvUbEd0LvGVeIsIBUnIEDvu-OQediKMZfgGp63sUgimAtwtNRxF3NyFl76KQhaBPlPPfw0E3jgq-8sk3dh7IFJE9rei0pNoAqQ8xVSjPKM1w38w==,gAAAAABqQOL1iuDkdH-aXuYjCoDmQkq6QgQTP6-ECGCiyR__YLhR2kkbzpkMQFHgXvOEFBJncpho48w510Ja9WS1q1LlXAHdpGihGevbaWx6-gVH0hawmgoJy_SfqIXnOtMfBved-F5Vnsy3iIRY9DJfcHPX7ej34uC9YMgN9QSHQwIZDquyS2aWjMKDRt5lYWTvfIOrmn74f5IMojr9nn0ZZShBzLcunzKM4V98D_9Tr4jtFnNrnFj5QyahBAtTSRpOdJVk6qMz17zwNwP5Bk4aGyCqTOGDO1XYls-tNlLhuMNkIe2GOsp3NGM-jQ-H58dauS0mq-pLi5lQQvxdvcF27aDxK8Evz7z4e-LQYN5vh5HOKzxrIFWgmtf3U1qdbXjixvjSGvxWtHcerAgFxaw1l8qymIID_flU7HzCea6Genkru2_wqE4TCj2HsUKRDmgJSN0kWdu8asiQ-LbzkS8Mf9TQQrwUll_gi1gjCmACCcGNLcfOXI1sGfhgFyKGM8E_RZJ1vDqdWi5uwpqsBmB-KGGBM3AlN8vdtxQXra46--Ja_rEIApX6WSrHtxgenr0jDNbDCPTYcJDM8j6gvXNGi-9Ub6B2LbgEaE_70yj-18bfJ7G8lt3A2Cq2_dEuRtSOCF8cX1xAHAK1P2j7DRgsxopiO_6mIQ8xYtGRvdW-BGqEq0MFyyFOeqRdzLkElLGvtoY5KpUry12EPqV3ucapL1XqlqL5X9uEDEfYXMO3UdcN0Wm6qPM0HKRGpyKw_J54sE3ehM7M,https://zyro-hr-appdesk-4wmdse8pom22pxvodvzb4w.streamlit.app/,https://smith.langchain.com/public/9e3d2fda-0fec-4640-b410-4eff8b846522/r
Q10,gAAAAABqQOL1NMCD-NwJS2t7--0KQwTr2oL2YN2ovF6I-mwsRNWIlE7Z-Csf4mzAIYaOfydNlMVZ46XGsLCqRyr8w4TaoZnz2iIbj_z_d_RCxrfyhBga9Wht7eTCBRUfPgY75PJ1L4WvYD4edZU-h-uaIOyDxt2vtMGONNoEvvp91AcFq2oGXtDCocITCK6zLMAVvEXYLOAvwt8mrtA0FbXm5IxuvQu7EZtJ5X19liSQMKVqCLtj8Vw=,gAAAAABqQOL1bCfxOERDkSsKsFNzJqNavAeIeZwa602BozN_5kAkZfZSgUtCL5ejI0N4vKc3rleL6fdwoGDv8TILXRagBcBJyVstrEWTtv8AIpJN1aaD2PpmQHJzY_HBwIpemblkIWVyMcbG-c2rwRXhUkPshuTdjJZwUaVf3WWcJFhFozDrIxzzTm-R3dkRQuot_7nCtzg4V3jSr6rFaEaWdT335byC1HzJBXeHd3ORg-4xuMz2pe8CXb_rUIWgpH-OFqzPCMOo6nsf1e0q8WnBrRj484LKoRsVIbQGbh83XOGVJb6kCEfQXSm4ENflU9A1swR5qiT1Gx6f6qcOiZgI_6ErBc-2z2NKZso4nw0AxAdPgl6PXVcNSJ71EizrHSwC1uPkJy4mjOodiD9pqpJytaolfOIScIoV-B3vewwaD2fipRZoCu64Dpq_HYK-JF0IchWGXZYOVDewm2PgFN4q5ZiITOISfJDOH0B4oPGL8GPMHHssh9-NsdO8HI2FvwxTDdCFqmK1_fbaUMerRKt-CM35QlCbDsQWL6r76bD6khDT6RNtpSKY4zQHvsKoe_cfg8uMKTSseHXtA3Es4gBdgBHReSdqfScYFAXvNEYS7PYMQleXBasgCCGOP4oH2-it4aWm9Uh4EQBO4RJHNvS_zLTLWbWiuKvahYVYx_99aJWNBeZamgiP9tH84D9wWaE2VXJR5y-S_jEJ4ZQif34yH38rVlEZo4OHB4viZ9Zm6wUIoI2jsX7vB_Zg650EdMwGO6rwhxfo0MO9LT1xOSPwDMrXKq5E1eeYl-yr6gNLBrdU7wO0uQeqgUgiGWvvUptcpO72qw6pCAa4Il4WRQpU9nn_Labp9sQmMGeHtkx1Ir-bTEpOhBPUxtULxg0jyQ2VlMW1Bwo5ZjgJNJvWeQkNaLHy5ZG37gIlGwICiR7FDnuvyIT58Af3nuTnXHfPOqiYS1K_N_roJ_eK1YKjNwUEXk-dRyTGrXmyeEoefXuEoJo6eb-co8qxgOA3Blssu1HH7QqLuflkfEmX5JIDk-T6EUDHwvUYLl8C9x1YmSg-NDhckcATlzKOHjVLsKkVgatVRR0MYPsZAeea3cf4QO8xIAJbsGz_rRC5iRmbzZE7L92K4-zY-pphVvPvTWgC_DBsMeBU0uEFGGb2MdwXIKpJFU_UQPt5JjKvFtB10hjQX48gHcFD02YhWsZks89hGl9XV3fSkJdPqp0NhL6u4gXtlHNWw_suoTjqAUsYkMHxt9XbmFS91CjeLbQFPGuKhedaa07E5A7fOH5jDo83QMlDPP6tRo8JwtIj-vCm7i6-Sri-Dx7j1wwFrPHSGZk7CCSyY5d_tgVvVV5KnCebHChNAGZ4SNfMHlqewu1hnQaSzbTLDMDP4EtQbQS1sfMo5H7Uxgz8P5oGb-hRVDhFVn5KLnH6NRET02ovq3c1m6Dz4wfoeDOI1cisRqAAEoayyUY9cel8NCKgtIn7ZQV0tbmDKfuBNKXm-GBA_q1pq_jkUogV9F6QoBLnD57q_yCpJkHwfD3Vg-62au_pfh1BE--I0Pa3O_TcFajqkRT5oRYnQgPIVLddmiAAnRdFgqTvBuBnI43z1jEc3S9GC7170nQjuHii-HnHACxq0XpV2aXmc8RlImlCJph9pnvftr1_hjw-OvYLKMcqAeFl4bF1VmG6kcOX7wX7PsCiwUwbgbHSxUjf6hcvofXqSRbiD_rOQ7WdNgi-9TqMaYYbLX4ZkCIRbc7T4fXhPPrxw7VR5MRrpt4WjPYokOT2vEsQbDsP0goVI9lY9-6T,https://zyro-hr-appdesk-4wmdse8pom22pxvodvzb4w.streamlit.app/,https://smith.langchain.com/public/9e3d2fda-0fec-4640-b410-4eff8b846522/r
Q11,gAAAAABqQOL1lzELUxdnuFnMCHPy4TWZoUFE5i_xz4aAvUuQh63jso63j_XWi9OhR24aRhIhMLA5JC3YvdvzptoAbkyG65Fwoizk8YSGg33PddmTa5GB_F-Cboqj_wlp-QLoLZUa_hiR1ER1QLDNFikwU_DGwASJWwe6zaMn1zF4oRO7C69rYpLp-9luGKbDgwKtHuGQqFt5,gAAAAABqQOL16VjOZdnWw4ywti1Uem9ZIz_DX8mlYtUz0tAXS_RJolth3mVA39itamxJ_SXHrjpg8eTspUFRmLfNZHesoYv6O8qLpB6QUojOgCLfHlmDj2xQu7oOdudOqJ5sdwes5nCfI4DBcICupPaUt0Wm0lC4vAseWTzE5_Fazwdmjxoloi3OQvIaLJXDIquz4c7nZiML2q17lK-ChFX9vPBuINgJXyAtfmARoEwSDG7dsRr2IkdmrY5D6ILDUyX9JyrcGgUXd6-o8OUm-dZ9lAkxr6xGaRwYW64b8DHiak5Ixq7XV7Y=,https://zyro-hr-appdesk-4wmdse8pom22pxvodvzb4w.streamlit.app/,https://smith.langchain.com/public/9e3d2fda-0fec-4640-b410-4eff8b846522/r
Q12,gAAAAABqQOL16zEPAczZotKgqAEBWYRm_iQH7HtfMHsUVhAtjG7TZGSvE06mv5Ane7jTYL0xVKlfhiz0XwNVeONakNuzhQSxixJNMEDgsl4hr2aedCaCDyh3MvLq1pwpoXVf-xYGxtWD06eO0d4mWhJUcrUmg_DiWMSpyFfZak3DkBo1iYe-5XGaTA2ePdbuS_liigjY_GEa,gAAAAABqQOL186DAEBncik5mLgTzen0pjnV4xhRL-V0WvRX4zuws_x-DHkHoJRme_cbnUUfQS6tkbTmWEuGgRChzq_N--LO1QusxIul4sDceXH-n_5vpkdv6vWXRjLSap6luMTGYexue8f1BJ6O-A3FbO-arQm18W9PYgG7RKDanu28DOuaq7N7P1qmO7xw7jFB-d3cUjmXbl0Cbl4yPFb2yQz1VQqoMP24cU667N1wu0EjtKpnL1Of8ed0iHcKyBhNZfp-jbuZMWrSWzx-VoBYmYoA0KeLCKqrYCjY4qHZ7-SFgsJj6p9dyBpa35DwVn6CKbjA5DZJtX2CkoJvmFzBLULDGF-c2FbVLaNGkKVBNBUgNQpqP8hI=,https://zyro-hr-appdesk-4wmdse8pom22pxvodvzb4w.streamlit.app/,https://smith.langchain.com/public/9e3d2fda-0fec-4640-b410-4eff8b846522/r
Q13,gAAAAABqQOL1Z_DnFUBYelxgkwdmrsIXGdsRqAwz-5JsuUdS_-_w43-8erjnomF-ZiZav-TsGHjfMl_phWum2IYc2-06L-Chf8Sb3EJxhw5GfYKACDcGw-OP75SmowpkoFXYFZEap6V5Om8BVsgD3i6Gk8jAgr2sx6ElB0C6q2gRecTg3ND5VXVvxpcPJ1l1_12oyaPWtduw,gAAAAABqQOL1nAfdMbCpnU6iybg2_Svon1yJzc2PDza6O_qh3e-Y6ukAsNGR9-N26hp9_HilMePN77NS9u_MZs_zKYCvkHGFP8Xeh2o_9ntrHy8J9DCMXC1vxlSKs2GuCCAdCI4q7KyHctK8THYxgFOuql19AfGyucDQjkKeMdyuIhnUfWWl3kjh0GJPsaBZUBUeqBUpRGIK31BUUoRGnxVIVkm7qtF1knHQ5M3XBfYQG3yRnZg7SpuBBm44sumDRedUnlEEu7flwm2uf0QhqWPbpV1wCyqmdy6AS5WPcitWxVhftLqXQMc=,https://zyro-hr-appdesk-4wmdse8pom22pxvodvzb4w.streamlit.app/,https://smith.langchain.com/public/9e3d2fda-0fec-4640-b410-4eff8b846522/r
Q14,gAAAAABqQOL15qH7pwL5n5_3JRc-O3GKPelUO06DeY-6_InJW6hNQgNpOwAuguhIeWJIroOA86PL3mCCt7-Pfq3Vod4BZYIGIVjjAhuIgJEoCDsyb1xJ0--Lr8-Q8AHbN9mSden2HFlEOuR2gPBAlhjY3tBvcRB2LXwX6opSJnGSGzWSkZOd6wJ30uWJbZApZn-0eg3M9Jdf,gAAAAABqQOL12vhGb0HjZLXcOZtgboslGUqHqzoiULuxibWvQfoKYxoS3phZX2vm26U60HCAe2uN94Fv1ipzmThXiyFEbWvZ_06Z2p82eeUHctZG6J7RL29nDpugXWAO2klsm1r7K3yGdbSz5_6jggt16FIiwMzQ6oaCFxvlWvwQZUBL4cl2Z6W_9oVK-6dhXM7wueciSu5wkMfNS8XpVbiX4scz2nvvlL50bO6wbIavmNHid8kRqzM4sDzjud_HITQuiJ1OVQOwF-_gLYTFEv9c5igtNfC-FanQfbCJkMki2ED8AX_9Nu8=,https://zyro-hr-appdesk-4wmdse8pom22pxvodvzb4w.streamlit.app/,https://smith.langchain.com/public/9e3d2fda-0fec-4640-b410-4eff8b846522/r
Q15,gAAAAABqQOL1b4CCn_r2jEzi9MfjBP_B5U-7CfPiJzBm4nto7hD1kl8MoFMSZdmE2vzTI3ihkUYvSeowzuUfCTC7WOHhA01_z4LKler0lAH-ROcs5UHveGCnaGyTRPJ-5-i4PJMzd1Jh76OaoePn_j9S1kqdjoMbHZigdMGc4fSZPAn0vHbrGAEMBc4WfTu4ozdb7-X8GTj8yZ544eCNR4pNKnuDUUjQKg==,gAAAAABqQOL1jLZEcfTanIv0B1XEN7Qm1PN3C2lSmoruERtYxRRdP5eQuJwSfVNOzj6ng_z4RMcyChgJOOgsYtZOy54q4oKHvdPWFYy_lxkTSjoA4DCmk8oRa6PyFTTRdUNAiZHExzC3qqRm7L1kZHa4FVmXs6ogX27C1sa3GgogeKl386A0ucADifWtPkmHwwhJAolaF0O1TJ0kLPOBoOtUQo3SYrHEx-C3X-Bh7DJcgNDqd0xzK38g9Q2YHiKSsTEGWLSMftuHWnxixjnQxTjF6dKiInclAncrPIrWeTVuo-8Eky1TuWk=,https://zyro-hr-appdesk-4wmdse8pom22pxvodvzb4w.streamlit.app/,https://smith.langchain.com/public/9e3d2fda-0fec-4640-b410-4eff8b846522/r
